<?xml version="1.0" encoding="UTF-8"?>
<project-private xmlns="http://www.netbeans.org/ns/project-private/1">
    <editor-bookmarks xmlns="http://www.netbeans.org/ns/editor-bookmarks/2" lastBookmarkId="0"/>
    <open-files xmlns="http://www.netbeans.org/ns/projectui-open-files/2">
        <group>
            <file>file:/E:/Study/Quản%20lý%20thông%20tin/DoAnQLTT/QuanLyThoiTiet/src/form/Form_Weather.java</file>
            <file>file:/E:/Study/Quản%20lý%20thông%20tin/DoAnQLTT/QuanLyThoiTiet/src/main/MainSystem.java</file>
            <file>file:/E:/Study/Quản%20lý%20thông%20tin/DoAnQLTT/QuanLyThoiTiet/src/form/Form_Alert.java</file>
        </group>
    </open-files>
</project-private>
